年份,月份,排名,车型,销量,厂商,售价
2022,1,1,轩逸,61170,东风日产,14.17
2022,1,2,朗逸,45524,上汽大众,12.29
2022,1,3,宏光MINIEV,37048,上汽通用五菱,6.63
2022,1,4,凯美瑞,28023,广汽丰田,22.48
2022,1,5,Model 3,26548,特斯拉中国,27.79
2022,1,6,速腾,26341,一汽-大众,15.04
2022,1,7,秦PLUS,25535,比亚迪,13.98
2022,1,8,逸动,21883,长安汽车,8.84
2022,1,9,宝马5系,20579,华晨宝马,49.95
2022,1,10,雷凌,19485,广汽丰田,13.23
2022,1,11,宝马3系,18841,华晨宝马,34.99
2022,1,12,宝来,18521,一汽-大众,13.45
2022,1,13,奥迪A4L,18444,一汽-大众奥迪,36.13
2022,1,14,帝豪,18129,吉利汽车,9.98
2022,1,15,雅阁,17601,广汽本田,21.48
2022,1,16,天籁,17571,东风日产,22.48
2022,1,17,思域,16019,东风本田,15.89
2022,1,18,迈腾,15991,一汽-大众,24.84
2022,1,19,帕萨特,14668,上汽大众,21.74
2022,1,20,奔驰E级,13460,北京奔驰,50.48
2022,1,21,MG5,13416,上汽集团,8.39
2022,1,22,马自达3 昂克赛拉,13157,长安马自达,13.99
2022,1,23,红旗H5,13137,一汽红旗,19.28
2022,1,24,汉,12781,比亚迪,26.08
2022,1,25,卡罗拉,12564,一汽丰田,13.48
2022,1,26,亚洲龙,12322,一汽丰田,23.98
2022,1,27,星瑞,12109,吉利汽车,12.72
2022,1,28,奥迪A3,11664,一汽-大众奥迪,22.72
2022,1,29,荣威i5,10940,上汽集团,8.39
2022,1,30,海豚,10602,比亚迪,12.83
2022,1,31,科鲁泽,10591,上汽通用雪佛兰,10.19
2022,1,32,奥迪A6L,10450,一汽-大众奥迪,54.23
2022,1,33,奕炫,10434,东风乘用车,7.94
2022,1,34,QQ冰淇淋,9984,奇瑞新能源,4.37
2022,1,35,长安奔奔E-Star,9852,长安汽车,0.0
2022,1,36,小蚂蚁,9412,奇瑞新能源,7.7
2022,1,37,型格,9215,广汽本田,15.84
2022,1,38,欧拉好猫,9020,长城新能源,14.78
2022,1,39,飞度,8937,广汽本田,9.53
2022,1,40,英仕派,8863,东风本田,21.79
2022,1,41,君威,8718,上汽通用别克,20.48
2022,1,42,威朗,8286,上汽通用别克,14.44
2022,1,43,高尔夫,8170,一汽-大众,17.98
2022,1,44,YARiS L 致炫,7877,广汽丰田,9.48
2022,1,45,伊兰特,7211,北京现代,12.48
2022,1,46,凌渡,7067,上汽大众,16.74
2022,1,47,AION S,7049,广汽埃安,15.98
2022,1,48,领克03,6818,领克,27.91
2022,1,49,小鹏P7,6707,小鹏汽车,27.49
2022,1,50,缤瑞,6478,吉利汽车,9.98
2022,2,1,轩逸,34705,东风日产,14.17
2022,2,2,朗逸,32037,上汽大众,12.29
2022,2,3,Model 3,24112,特斯拉中国,27.79
2022,2,4,卡罗拉,22725,一汽丰田,13.48
2022,2,5,秦PLUS,22508,比亚迪,13.98
2022,2,6,宏光MINIEV,22110,上汽通用五菱,6.63
2022,2,7,MG5,17026,上汽集团,8.39
2022,2,8,雅阁,16588,广汽本田,21.48
2022,2,9,天籁,15332,东风日产,22.48
2022,2,10,宝来,15300,一汽-大众,13.45
2022,2,11,凯美瑞,13670,广汽丰田,22.48
2022,2,12,速腾,12610,一汽-大众,15.04
2022,2,13,宝马3系,12271,华晨宝马,34.99
2022,2,14,迈腾,11634,一汽-大众,24.84
2022,2,15,亚洲龙,11525,一汽丰田,23.98
2022,2,16,科鲁泽,11490,上汽通用雪佛兰,10.19
2022,2,17,宝马5系,10627,华晨宝马,49.95
2022,2,18,帕萨特,10447,上汽大众,21.74
2022,2,19,帝豪,10440,吉利汽车,9.98
2022,2,20,雷凌,10236,广汽丰田,13.23
2022,2,21,逸动,10186,长安汽车,8.84
2022,2,22,奥迪A6L,9779,一汽-大众奥迪,54.23
2022,2,23,思域,9776,东风本田,15.89
2022,2,24,奔驰E级,9346,北京奔驰,50.48
2022,2,25,汉,9290,比亚迪,26.08
2022,2,26,奥迪A4L,8641,一汽-大众奥迪,36.13
2022,2,27,英朗,8603,上汽通用别克,12.29
2022,2,28,海豚,8565,比亚迪,12.83
2022,2,29,奔驰C级,8058,北京奔驰,35.56
2022,2,30,桑塔纳,7535,上汽大众,10.04
2022,2,31,荣威i5,7499,上汽集团,8.39
2022,2,32,红旗H5,6663,一汽红旗,19.28
2022,2,33,QQ冰淇淋,6442,奇瑞新能源,4.37
2022,2,34,威朗,6318,上汽通用别克,14.44
2022,2,35,奕炫,6016,东风乘用车,7.94
2022,2,36,星瑞,6001,吉利汽车,12.72
2022,2,37,马自达3 昂克赛拉,5649,长安马自达,13.99
2022,2,38,长安奔奔E-Star,5613,长安汽车,0.0
2022,2,39,骐达TIIDA,5396,东风日产,11.29
2022,2,40,艾瑞泽5,5190,奇瑞汽车,7.29
2022,2,41,型格,5014,广汽本田,15.84
2022,2,42,奥迪A3,4440,一汽-大众奥迪,22.72
2022,2,43,凯迪拉克CT5,4329,上汽通用凯迪拉克,32.57
2022,2,44,威驰,4239,一汽丰田,8.43
2022,2,45,欧拉好猫,4066,长城新能源,14.78
2022,2,46,高尔夫,3994,一汽-大众,17.98
2022,2,47,捷达VA3,3946,一汽-大众捷达,8.03
2022,2,48,亚洲狮,3852,一汽丰田,16.08
2022,2,49,小蚂蚁,3735,奇瑞新能源,7.7
2022,2,50,英仕派,3697,东风本田,21.79
2022,3,1,宏光MINIEV,47563,上汽通用五菱,6.63
2022,3,2,轩逸,28557,东风日产,14.17
2022,3,3,凯美瑞,27211,广汽丰田,22.48
2022,3,4,朗逸,26040,上汽大众,12.29
2022,3,5,Model 3,26024,特斯拉中国,27.79
2022,3,6,卡罗拉,25173,一汽丰田,13.48
2022,3,7,秦PLUS,22942,比亚迪,13.98
2022,3,8,雅阁,20667,广汽本田,21.48
2022,3,9,雷凌,19977,广汽丰田,13.23
2022,3,10,逸动,18732,长安汽车,8.84
2022,3,11,思域,17456,东风本田,15.89
2022,3,12,速腾,17214,一汽-大众,15.04
2022,3,13,帕萨特,16386,上汽大众,21.74
2022,3,14,宝来,16235,一汽-大众,13.45
2022,3,15,奔驰C级,15586,北京奔驰,35.56
2022,3,16,天籁,15471,东风日产,22.48
2022,3,17,英朗,14159,上汽通用别克,12.29
2022,3,18,MG5,13856,上汽集团,8.39
2022,3,19,帝豪,13593,吉利汽车,9.98
2022,3,20,科鲁泽,13286,上汽通用雪佛兰,10.19
2022,3,21,汉,12359,比亚迪,26.08
2022,3,22,QQ冰淇淋,11687,奇瑞新能源,4.37
2022,3,23,奔驰E级,11363,北京奔驰,50.48
2022,3,24,宝马5系,11029,华晨宝马,49.95
2022,3,25,长安奔奔E-Star,10709,长安汽车,0.0
2022,3,26,桑塔纳,10580,上汽大众,10.04
2022,3,27,海豚,10501,比亚迪,12.83
2022,3,28,亚洲龙,9793,一汽丰田,23.98
2022,3,29,小鹏P7,9183,小鹏汽车,27.49
2022,3,30,威朗,8976,上汽通用别克,14.44
2022,3,31,星瑞,8576,吉利汽车,12.72
2022,3,32,迈腾,8261,一汽-大众,24.84
2022,3,33,小蚂蚁,8240,奇瑞新能源,7.7
2022,3,34,奕炫,7646,东风乘用车,7.94
2022,3,35,君威,7518,上汽通用别克,20.48
2022,3,36,高尔夫,7359,一汽-大众,17.98
2022,3,37,荣威i5,7327,上汽集团,8.39
2022,3,38,凌渡,7324,上汽大众,16.74
2022,3,39,型格,6868,广汽本田,15.84
2022,3,40,AION S,6798,广汽埃安,15.98
2022,3,41,欧拉好猫,6342,长城新能源,14.78
2022,3,42,英仕派,6208,东风本田,21.79
2022,3,43,零跑T03,5853,零跑汽车,7.97
2022,3,44,奥迪A4L,5667,一汽-大众奥迪,36.13
2022,3,45,奥迪A3,5632,一汽-大众奥迪,22.72
2022,3,46,YARiS L 致炫,5508,广汽丰田,9.48
2022,3,47,马自达3 昂克赛拉,5480,长安马自达,13.99
2022,3,48,奥迪A6L,5461,一汽-大众奥迪,54.23
2022,3,49,亚洲狮,5203,一汽丰田,16.08
2022,3,50,捷达VA3,5133,一汽-大众捷达,8.03
2022,4,1,宏光MINIEV,27181,上汽通用五菱,6.63
2022,4,2,轩逸,25493,东风日产,14.17
2022,4,3,秦PLUS,20292,比亚迪,13.98
2022,4,4,雷凌,16548,广汽丰田,13.23
2022,4,5,凯美瑞,16452,广汽丰田,22.48
2022,4,6,汉,13421,比亚迪,26.08
2022,4,7,速腾,13416,一汽-大众,15.04
2022,4,8,海豚,12040,比亚迪,12.83
2022,4,9,奔驰C级,11837,北京奔驰,35.56
2022,4,10,宝马3系,10009,华晨宝马,34.99
2022,4,11,亚洲龙,9875,一汽丰田,23.98
2022,4,12,卡罗拉,9397,一汽丰田,13.48
2022,4,13,宝马5系,9344,华晨宝马,49.95
2022,4,14,朗逸,8442,上汽大众,12.29
2022,4,15,桑塔纳,8212,上汽大众,10.04
2022,4,16,帝豪,7784,吉利汽车,9.98
2022,4,17,雅阁,7293,广汽本田,21.48
2022,4,18,零跑T03,7156,零跑汽车,7.97
2022,4,19,QQ冰淇淋,7078,奇瑞新能源,4.37
2022,4,20,长安奔奔E-Star,6692,长安汽车,0.0
2022,4,21,小蚂蚁,6086,奇瑞新能源,7.7
2022,4,22,高尔夫,6033,一汽-大众,17.98
2022,4,23,思域,5888,东风本田,15.89
2022,4,24,逸动,5448,长安汽车,8.84
2022,4,25,长安UNI-V,5426,长安汽车,12.44
2022,4,26,天籁,5086,东风日产,22.48
2022,4,27,科鲁泽,4890,上汽通用雪佛兰,10.19
2022,4,28,YARiS L 致炫,4505,广汽丰田,9.48
2022,4,29,星瑞,4309,吉利汽车,12.72
2022,4,30,东风风神E70,4306,东风乘用车,14.83
2022,4,31,艾瑞泽5,4152,奇瑞汽车,7.29
2022,4,32,奕炫,4110,东风乘用车,7.94
2022,4,33,宝来,4062,一汽-大众,13.45
2022,4,34,帕萨特,4061,上汽大众,21.74
2022,4,35,伊兰特,4014,北京现代,12.48
2022,4,36,型格,3860,广汽本田,15.84
2022,4,37,小鹏P7,3714,小鹏汽车,27.49
2022,4,38,小鹏P5,3564,小鹏汽车,17.29
2022,4,39,MG5,3563,上汽集团,8.39
2022,4,40,奔驰E级,3332,北京奔驰,50.48
2022,4,41,AION S,3291,广汽埃安,15.98
2022,4,42,蒙迪欧,3242,长安福特,18.48
2022,4,43,秦新能源,3228,比亚迪,16.28
2022,4,44,花仙子,3209,江汽集团,7.54
2022,4,45,英朗,3171,上汽通用别克,12.29
2022,4,46,领克03,3089,领克,27.91
2022,4,47,奥迪A6L,3022,一汽-大众奥迪,54.23
2022,4,48,飞度,2847,广汽本田,9.53
2022,4,49,影豹,2800,广汽乘用车,12.82
2022,4,50,缤瑞,2707,吉利汽车,9.98
2022,5,1,宏光MINIEV,34037,上汽通用五菱,6.63
2022,5,2,轩逸,33030,东风日产,14.17
2022,5,3,汉,23934,比亚迪,26.08
2022,5,4,凯美瑞,22426,广汽丰田,22.48
2022,5,5,宝来,22201,一汽-大众,13.45
2022,5,6,朗逸,18588,上汽大众,12.29
2022,5,7,速腾,18322,一汽-大众,15.04
2022,5,8,宝马5系,18027,华晨宝马,49.95
2022,5,9,秦PLUS,17943,比亚迪,13.98
2022,5,10,MG5,17711,上汽集团,8.39
2022,5,11,宝马3系,16523,华晨宝马,34.99
2022,5,12,桑塔纳,16220,上汽大众,10.04
2022,5,13,帕萨特,15134,上汽大众,21.74
2022,5,14,奥迪A4L,13484,一汽-大众奥迪,36.13
2022,5,15,奔驰C级,13191,北京奔驰,35.56
2022,5,16,奥迪A6L,13046,一汽-大众奥迪,54.23
2022,5,17,雷凌,12916,广汽丰田,13.23
2022,5,18,迈腾,12822,一汽-大众,24.84
2022,5,19,Model 3,12133,特斯拉中国,27.79
2022,5,20,威朗,12045,上汽通用别克,14.44
2022,5,21,帝豪,11753,吉利汽车,9.98
2022,5,22,雅阁,11707,广汽本田,21.48
2022,5,23,英朗,10969,上汽通用别克,12.29
2022,5,24,亚洲龙,10700,一汽丰田,23.98
2022,5,25,AION S,10503,广汽埃安,15.98
2022,5,26,逸动,10418,长安汽车,8.84
2022,5,27,卡罗拉,10187,一汽丰田,13.48
2022,5,28,高尔夫,9964,一汽-大众,17.98
2022,5,29,小蚂蚁,9754,奇瑞新能源,7.7
2022,5,30,QQ冰淇淋,9243,奇瑞新能源,4.37
2022,5,31,思域,8870,东风本田,15.89
2022,5,32,科鲁泽,8530,上汽通用雪佛兰,10.19
2022,5,33,长安奔奔E-Star,8485,长安汽车,0.0
2022,5,34,长安UNI-V,7818,长安汽车,12.44
2022,5,35,凌渡,7718,上汽大众,16.74
2022,5,36,红旗H5,7514,一汽红旗,19.28
2022,5,37,奔驰E级,7427,北京奔驰,50.48
2022,5,38,艾瑞泽5,6895,奇瑞汽车,7.29
2022,5,39,天籁,6761,东风日产,22.48
2022,5,40,型格,6603,广汽本田,15.84
2022,5,41,海豚,6430,比亚迪,12.83
2022,5,42,科莱威CLEVER,6263,上汽集团,6.0
2022,5,43,影豹,6079,广汽乘用车,12.82
2022,5,44,零跑T03,5724,零跑汽车,7.97
2022,5,45,YARiS L 致炫,5467,广汽丰田,9.48
2022,5,46,奕炫,5001,东风乘用车,7.94
2022,5,47,捷达VA3,4911,一汽-大众捷达,8.03
2022,5,48,花仙子,4871,江汽集团,7.54
2022,5,49,马自达3 昂克赛拉,4714,长安马自达,13.99
2022,5,50,东风风神E70,4666,东风乘用车,14.83
2022,6,1,宏光MINIEV,46249,上汽通用五菱,6.63
2022,6,2,宝来,45759,一汽-大众,13.45
2022,6,3,轩逸,45312,东风日产,14.17
2022,6,4,卡罗拉,38370,一汽丰田,13.48
2022,6,5,朗逸,32131,上汽大众,12.29
2022,6,6,Model 3,26349,特斯拉中国,27.79
2022,6,7,汉,25439,比亚迪,26.08
2022,6,8,凯美瑞,23714,广汽丰田,22.48
2022,6,9,秦PLUS,23380,比亚迪,13.98
2022,6,10,奥迪A4L,21768,一汽-大众奥迪,36.13
2022,6,11,雅阁,21650,广汽本田,21.48
2022,6,12,宝马3系,19956,华晨宝马,34.99
2022,6,13,雷凌,19481,广汽丰田,13.23
2022,6,14,宝马5系,18966,华晨宝马,49.95
2022,6,15,奥迪A6L,18664,一汽-大众奥迪,54.23
2022,6,16,MG5,18360,上汽集团,8.39
2022,6,17,英朗,18048,上汽通用别克,12.29
2022,6,18,帕萨特,16890,上汽大众,21.74
2022,6,19,迈腾,16793,一汽-大众,24.84
2022,6,20,思域,15473,东风本田,15.89
2022,6,21,威朗,14113,上汽通用别克,14.44
2022,6,22,天籁,13667,东风日产,22.48
2022,6,23,奔驰E级,13261,北京奔驰,50.48
2022,6,24,奔驰C级,13198,北京奔驰,35.56
2022,6,25,逸动,13121,长安汽车,8.84
2022,6,26,帝豪,12567,吉利汽车,9.98
2022,6,27,凌渡,11983,上汽大众,16.74
2022,6,28,长安UNI-V,11460,长安汽车,12.44
2022,6,29,海豚,10376,比亚迪,12.83
2022,6,30,亚洲龙,10046,一汽丰田,23.98
2022,6,31,高尔夫,10001,一汽-大众,17.98
2022,6,32,荣威i5,9984,上汽集团,8.39
2022,6,33,小蚂蚁,9692,奇瑞新能源,7.7
2022,6,34,QQ冰淇淋,9663,奇瑞新能源,4.37
2022,6,35,科鲁泽,9577,上汽通用雪佛兰,10.19
2022,6,36,YARiS L 致炫,8966,广汽丰田,9.48
2022,6,37,AION S,8903,广汽埃安,15.98
2022,6,38,飞度,8784,广汽本田,9.53
2022,6,39,伊兰特,8580,北京现代,12.48
2022,6,40,蒙迪欧,8457,长安福特,18.48
2022,6,41,艾瑞泽5,8394,奇瑞汽车,7.29
2022,6,42,星瑞,8319,吉利汽车,12.72
2022,6,43,欧拉好猫,8275,长城新能源,14.78
2022,6,44,东风风神E70,8193,东风乘用车,14.83
2022,6,45,小鹏P7,8045,小鹏汽车,27.49
2022,6,46,驱逐舰05,7464,比亚迪,12.98
2022,6,47,桑塔纳,7412,上汽大众,10.04
2022,6,48,奕炫,7276,东风乘用车,7.94
2022,6,49,君威,7216,上汽通用别克,20.48
2022,6,50,速腾,7144,一汽-大众,15.04
2022,7,1,宏光MINIEV,56605,上汽通用五菱,6.63
2022,7,2,轩逸,43392,东风日产,14.17
2022,7,3,朗逸,39054,上汽大众,12.29
2022,7,4,秦PLUS,30093,比亚迪,13.98
2022,7,5,宝来,29182,一汽-大众,13.45
2022,7,6,汉,25849,比亚迪,26.08
2022,7,7,卡罗拉,24167,一汽丰田,13.48
2022,7,8,雅阁,24097,广汽本田,21.48
2022,7,9,威朗,22100,上汽通用别克,14.44
2022,7,10,海豚,21005,比亚迪,12.83
2022,7,11,凯美瑞,20598,广汽丰田,22.48
2022,7,12,雷凌,16881,广汽丰田,13.23
2022,7,13,天籁,16827,东风日产,22.48
2022,7,14,思域,16800,东风本田,15.89
2022,7,15,迈腾,16256,一汽-大众,24.84
2022,7,16,长安UNI-V,15645,长安汽车,12.44
2022,7,17,帕萨特,15445,上汽大众,21.74
2022,7,18,逸动,14940,长安汽车,8.84
2022,7,19,速腾,14360,一汽-大众,15.04
2022,7,20,奥迪A6L,13172,一汽-大众奥迪,54.23
2022,7,21,奔驰C级,12806,北京奔驰,35.56
2022,7,22,Model 3,12472,特斯拉中国,27.79
2022,7,23,奔驰E级,11536,北京奔驰,50.48
2022,7,24,小蚂蚁,11489,奇瑞新能源,7.7
2022,7,25,伊兰特,11226,北京现代,12.48
2022,7,26,凌渡,10717,上汽大众,16.74
2022,7,27,星瑞,10629,吉利汽车,12.72
2022,7,28,君威,10153,上汽通用别克,20.48
2022,7,29,奥迪A4L,9398,一汽-大众奥迪,36.13
2022,7,30,QQ冰淇淋,9391,奇瑞新能源,4.37
2022,7,31,宝马5系,9318,华晨宝马,49.95
2022,7,32,宝马3系,9209,华晨宝马,34.99
2022,7,33,荣威i5,9152,上汽集团,8.39
2022,7,34,奥迪A3,8762,一汽-大众奥迪,22.72
2022,7,35,飞度,8742,广汽本田,9.53
2022,7,36,艾瑞泽5,8665,奇瑞汽车,7.29
2022,7,37,型格,8475,广汽本田,15.84
2022,7,38,高尔夫,8107,一汽-大众,17.98
2022,7,39,蒙迪欧,7764,长安福特,18.48
2022,7,40,YARiS L 致炫,7597,广汽丰田,9.48
2022,7,41,凯迪拉克CT5,7562,上汽通用凯迪拉克,32.57
2022,7,42,东风风神E70,7556,东风乘用车,14.83
2022,7,43,驱逐舰05,7548,比亚迪,12.98
2022,7,44,长安Lumin,7412,长安汽车,5.99
2022,7,45,欧拉好猫,7313,长城新能源,14.78
2022,7,46,桑塔纳,7299,上汽大众,10.04
2022,7,47,亚洲龙,7270,一汽丰田,23.98
2022,7,48,英仕派,7130,东风本田,21.79
2022,7,49,缤瑞,7091,吉利汽车,9.98
2022,7,50,AION S,6864,广汽埃安,15.98
2022,8,1,朗逸,55268,上汽大众,12.29
2022,8,2,宏光MINIEV,49119,上汽通用五菱,6.63
2022,8,3,凯美瑞,42330,广汽丰田,22.48
2022,8,4,轩逸,39773,东风日产,14.17
2022,8,5,雅阁,36762,广汽本田,21.48
2022,8,6,秦PLUS,35689,比亚迪,13.98
2022,8,7,奥迪A6L,29492,一汽-大众奥迪,54.23
2022,8,8,卡罗拉,27304,一汽丰田,13.48
2022,8,9,汉,26003,比亚迪,26.08
2022,8,10,帝豪,24954,吉利汽车,9.98
2022,8,11,奥迪A4L,24258,一汽-大众奥迪,36.13
2022,8,12,海豚,23469,比亚迪,12.83
2022,8,13,帕萨特,21122,上汽大众,21.74
2022,8,14,雷凌,20133,广汽丰田,13.23
2022,8,15,伊兰特,18238,北京现代,12.48
2022,8,16,科鲁泽,17418,上汽通用雪佛兰,10.19
2022,8,17,威朗,17251,上汽通用别克,14.44
2022,8,18,桑塔纳,15890,上汽大众,10.04
2022,8,19,英仕派,15126,东风本田,21.79
2022,8,20,Model 3,14796,特斯拉中国,27.79
2022,8,21,宝马5系,13998,华晨宝马,49.95
2022,8,22,天籁,13962,东风日产,22.48
2022,8,23,MG5,12840,上汽集团,8.39
2022,8,24,思域,12781,东风本田,15.89
2022,8,25,凌渡,12399,上汽大众,16.74
2022,8,26,AION S,11683,广汽埃安,15.98
2022,8,27,长安Lumin,10783,长安汽车,5.99
2022,8,28,小蚂蚁,10037,奇瑞新能源,7.7
2022,8,29,宝来,9890,一汽-大众,13.45
2022,8,30,奥迪A3,9442,一汽-大众奥迪,22.72
2022,8,31,星瑞,9101,吉利汽车,12.72
2022,8,32,驱逐舰05,8725,比亚迪,12.98
2022,8,33,QQ冰淇淋,8616,奇瑞新能源,4.37
2022,8,34,宝马3系,8613,华晨宝马,34.99
2022,8,35,欧拉好猫,8105,长城新能源,14.78
2022,8,36,型格,8075,广汽本田,15.84
2022,8,37,凯迪拉克CT5,7702,上汽通用凯迪拉克,32.57
2022,8,38,奔腾B70,7602,一汽奔腾,12.54
2022,8,39,东风风神E70,7410,东风乘用车,14.83
2022,8,40,一汽-大众CC,7354,一汽-大众,27.49
2022,8,41,YARiS L 致炫,7201,广汽丰田,9.48
2022,8,42,荣威i5,7171,上汽集团,8.39
2022,8,43,极氪001,7166,极氪,53.45
2022,8,44,亚洲龙,6714,一汽丰田,23.98
2022,8,45,宝骏KiWi EV,6330,上汽通用五菱,9.58
2022,8,46,帝豪L HiP,6300,吉利汽车,13.93
2022,8,47,零跑T03,6248,零跑汽车,7.97
2022,8,48,红旗H5,6154,一汽红旗,18.58
2022,8,49,科沃兹,6018,上汽通用雪佛兰,9.19
2022,8,50,艾瑞泽5,5982,奇瑞汽车,7.29
2022,9,1,宏光MINIEV,44711,上汽通用五菱,6.63
2022,9,2,朗逸,41415,上汽大众,12.29
2022,9,3,秦PLUS,36058,比亚迪,13.98
2022,9,4,轩逸,34936,东风日产,14.17
2022,9,5,汉,31497,比亚迪,26.08
2022,9,6,Model 3,31333,特斯拉中国,27.79
2022,9,7,卡罗拉,25218,一汽丰田,13.48
2022,9,8,海豚,24956,比亚迪,12.83
2022,9,9,雅阁,24380,广汽本田,21.48
2022,9,10,凯美瑞,24185,广汽丰田,22.48
2022,9,11,速腾,22786,一汽-大众,15.04
2022,9,12,宝来,21671,一汽-大众,13.45
2022,9,13,帕萨特,18686,上汽大众,21.74
2022,9,14,迈腾,18290,一汽-大众,24.84
2022,9,15,雷凌,17228,广汽丰田,13.23
2022,9,16,宝马3系,15385,华晨宝马,34.99
2022,9,17,长安UNI-V,14691,长安汽车,12.44
2022,9,18,奔驰E级,14044,北京奔驰,50.48
2022,9,19,天籁,13998,东风日产,22.48
2022,9,20,亚洲龙,13960,一汽丰田,23.98
2022,9,21,伊兰特,13851,北京现代,12.48
2022,9,22,帝豪,13757,吉利汽车,9.98
2022,9,23,AION S,13522,广汽埃安,15.98
2022,9,24,宝马5系,12882,华晨宝马,49.95
2022,9,25,逸动,12432,长安汽车,8.84
2022,9,26,威朗,12146,上汽通用别克,14.44
2022,9,27,奔驰C级,11961,北京奔驰,35.56
2022,9,28,奥迪A6L,11949,一汽-大众奥迪,54.23
2022,9,29,MG5,11544,上汽集团,8.39
2022,9,30,奥迪A4L,11483,一汽-大众奥迪,36.13
2022,9,31,长安Lumin,11267,长安汽车,5.99
2022,9,32,艾瑞泽5,9972,奇瑞汽车,7.29
2022,9,33,思域,9752,东风本田,15.89
2022,9,34,桑塔纳,9658,上汽大众,10.04
2022,9,35,星瑞,9487,吉利汽车,12.72
2022,9,36,小蚂蚁,9292,奇瑞新能源,7.7
2022,9,37,驱逐舰05,9101,比亚迪,12.98
2022,9,38,红旗H5,8987,一汽红旗,18.58
2022,9,39,蒙迪欧,8756,长安福特,18.48
2022,9,40,东风风神E70,8692,东风乘用车,14.83
2022,9,41,QQ冰淇淋,8650,奇瑞新能源,4.37
2022,9,42,奥迪A3,8616,一汽-大众奥迪,22.72
2022,9,43,YARiS L 致炫,8511,广汽丰田,9.48
2022,9,44,极氪001,8276,极氪,53.45
2022,9,45,型格,7998,广汽本田,15.84
2022,9,46,高尔夫,7959,一汽-大众,17.98
2022,9,47,凯迪拉克CT5,7937,上汽通用凯迪拉克,32.57
2022,9,48,英仕派,7702,东风本田,21.79
2022,9,49,海豹,7473,比亚迪,22.33
2022,9,50,欧拉好猫,7099,长城新能源,14.78
2022,10,1,宏光MINIEV,47868,上汽通用五菱,6.63
2022,10,2,轩逸,40273,东风日产,14.17
2022,10,3,秦PLUS,32195,比亚迪,13.98
2022,10,4,汉,31614,比亚迪,26.08
2022,10,5,朗逸,31317,上汽大众,12.29
2022,10,6,Model 3,30216,特斯拉中国,27.79
2022,10,7,卡罗拉,28483,一汽丰田,13.48
2022,10,8,海豚,25336,比亚迪,12.83
2022,10,9,雅阁,21540,广汽本田,21.48
2022,10,10,凯美瑞,19738,广汽丰田,22.48
2022,10,11,速腾,18576,一汽-大众,15.04
2022,10,12,威朗,18465,上汽通用别克,14.44
2022,10,13,帝豪,16718,吉利汽车,9.98
2022,10,14,帕萨特,16371,上汽大众,21.74
2022,10,15,宝来,15894,一汽-大众,13.45
2022,10,16,长安UNI-V,15698,长安汽车,12.44
2022,10,17,雷凌,15682,广汽丰田,13.23
2022,10,18,AION S,14507,广汽埃安,15.98
2022,10,19,星瑞,14506,吉利汽车,12.72
2022,10,20,思域,14066,东风本田,15.89
2022,10,21,逸动,13641,长安汽车,8.84
2022,10,22,迈腾,13408,一汽-大众,24.84
2022,10,23,奔驰C级,13343,北京奔驰,35.56
2022,10,24,长安Lumin,13235,长安汽车,5.99
2022,10,25,科鲁泽,12636,上汽通用雪佛兰,10.19
2022,10,26,天籁,12073,东风日产,22.48
2022,10,27,宝马5系,11659,华晨宝马,49.95
2022,10,28,伊兰特,11562,北京现代,12.48
2022,10,29,奥迪A4L,11561,一汽-大众奥迪,36.13
2022,10,30,海豹,11267,比亚迪,22.33
2022,10,31,奔驰E级,10841,北京奔驰,50.48
2022,10,32,极氪001,10119,极氪,53.45
2022,10,33,东风风神E70,10032,东风乘用车,14.83
2022,10,34,凌渡,9968,上汽大众,16.74
2022,10,35,MG5,9962,上汽集团,8.39
2022,10,36,小蚂蚁,9940,奇瑞新能源,7.7
2022,10,37,桑塔纳,9929,上汽大众,10.04
2022,10,38,型格,9230,广汽本田,15.84
2022,10,39,奥迪A6L,9223,一汽-大众奥迪,54.23
2022,10,40,驱逐舰05,9111,比亚迪,12.98
2022,10,41,艾瑞泽8,8311,奇瑞汽车,12.79
2022,10,42,深蓝SL03,8176,深蓝汽车,42.29
2022,10,43,飞度,8102,广汽本田,9.53
2022,10,44,缤瑞,8008,吉利汽车,9.98
2022,10,45,君威,7954,上汽通用别克,20.48
2022,10,46,英仕派,7599,东风本田,21.79
2022,10,47,YARiS L 致炫,7537,广汽丰田,9.48
2022,10,48,QQ冰淇淋,7145,奇瑞新能源,4.37
2022,10,49,凯迪拉克CT5,7081,上汽通用凯迪拉克,32.57
2022,10,50,亚洲龙,7003,一汽丰田,23.98
2022,11,1,宏光MINIEV,68567,上汽通用五菱,6.63
2022,11,2,汉,31786,比亚迪,26.08
2022,11,3,Model 3,31193,特斯拉中国,27.79
2022,11,4,朗逸,28867,上汽大众,12.29
2022,11,5,海豚,26063,比亚迪,12.83
2022,11,6,秦PLUS,25498,比亚迪,13.98
2022,11,7,轩逸,24929,东风日产,14.17
2022,11,8,凯美瑞,21860,广汽丰田,22.48
2022,11,9,卡罗拉,21582,一汽丰田,13.48
2022,11,10,雅阁,19837,广汽本田,21.48
2022,11,11,帕萨特,17902,上汽大众,21.74
2022,11,12,速腾,17375,一汽-大众,15.04
2022,11,13,帝豪,16781,吉利汽车,9.98
2022,11,14,海豹,15356,比亚迪,22.33
2022,11,15,AION S,15323,广汽埃安,15.98
2022,11,16,MG5,14652,上汽集团,8.39
2022,11,17,雷凌,14495,广汽丰田,13.23
2022,11,18,奔驰C级,13558,北京奔驰,35.56
2022,11,19,长安Lumin,13235,长安汽车,5.99
2022,11,20,凌渡,12797,上汽大众,16.74
2022,11,21,星瑞,12773,吉利汽车,12.72
2022,11,22,极氪001,11011,极氪,53.45
2022,11,23,宝马3系,10820,华晨宝马,34.99
2022,11,24,逸动,10497,长安汽车,8.84
2022,11,25,思域,10151,东风本田,15.89
2022,11,26,迈腾,10106,一汽-大众,24.84
2022,11,27,奥迪A4L,9899,一汽-大众奥迪,36.13
2022,11,28,奔驰E级,9619,北京奔驰,50.48
2022,11,29,凯迪拉克CT5,9124,上汽通用凯迪拉克,32.57
2022,11,30,君威,9022,上汽通用别克,20.48
2022,11,31,伊兰特,8879,北京现代,12.48
2022,11,32,桑塔纳,8665,上汽大众,10.04
2022,11,33,宝来,8645,一汽-大众,13.45
2022,11,34,宝马5系,8337,华晨宝马,49.95
2022,11,35,缤瑞,8009,吉利汽车,9.98
2022,11,36,领克03,7025,领克,27.91
2022,11,37,YARiS L 致炫,6954,广汽丰田,9.48
2022,11,38,长安UNI-V,6733,长安汽车,12.44
2022,11,39,飞度,6686,广汽本田,9.53
2022,11,40,深蓝SL03,6585,深蓝汽车,42.29
2022,11,41,锐程PLUS,6585,长安汽车,11.14
2022,11,42,奥迪A6L,6536,一汽-大众奥迪,54.23
2022,11,43,艾瑞泽8,6503,奇瑞汽车,12.79
2022,11,44,蒙迪欧,6382,长安福特,18.48
2022,11,45,亚洲龙,6371,一汽丰田,23.98
2022,11,46,东风风神E70,6210,东风乘用车,14.83
2022,11,47,驱逐舰05,6032,比亚迪,12.98
2022,11,48,高尔夫,5928,一汽-大众,17.98
2022,11,49,艾瑞泽5,5907,奇瑞汽车,7.29
2022,11,50,天籁,5856,东风日产,22.48
2022,12,1,宏光MINIEV,73009,上汽通用五菱,6.63
2022,12,2,速腾,35329,一汽-大众,15.04
2022,12,3,朗逸,33887,上汽大众,12.29
2022,12,4,汉,30043,比亚迪,26.08
2022,12,5,海豚,26074,比亚迪,12.83
2022,12,6,雅阁,25434,广汽本田,21.48
2022,12,7,轩逸,24502,东风日产,14.17
2022,12,8,秦PLUS,23149,比亚迪,13.98
2022,12,9,长安UNI-V,20211,长安汽车,12.44
2022,12,10,Model 3,20046,特斯拉中国,27.79
2022,12,11,MG5,19374,上汽集团,8.39
2022,12,12,思域,19254,东风本田,15.89
2022,12,13,卡罗拉,18208,一汽丰田,13.48
2022,12,14,雷凌,16525,广汽丰田,13.23
2022,12,15,帕萨特,15937,上汽大众,21.74
2022,12,16,宝马3系,15540,华晨宝马,34.99
2022,12,17,海豹,15378,比亚迪,22.33
2022,12,18,逸动,15056,长安汽车,8.84
2022,12,19,奔驰C级,14874,北京奔驰,35.56
2022,12,20,AION S,13832,广汽埃安,15.98
2022,12,21,奥迪A4L,13497,一汽-大众奥迪,36.13
2022,12,22,帝豪,13117,吉利汽车,9.98
2022,12,23,宝来,12885,一汽-大众,13.45
2022,12,24,长安Lumin,12468,长安汽车,5.99
2022,12,25,凌渡,12225,上汽大众,16.74
2022,12,26,深蓝SL03,11650,深蓝汽车,42.29
2022,12,27,宝马5系,11634,华晨宝马,49.95
2022,12,28,极氪001,11337,极氪,53.45
2022,12,29,凯迪拉克CT5,10615,上汽通用凯迪拉克,32.57
2022,12,30,天籁,10411,东风日产,22.48
2022,12,31,星瑞,10388,吉利汽车,12.72
2022,12,32,迈腾,10139,一汽-大众,24.84
2022,12,33,奥迪A6L,9908,一汽-大众奥迪,54.23
2022,12,34,奔驰E级,9571,北京奔驰,50.48
2022,12,35,凯美瑞,9340,广汽丰田,22.48
2022,12,36,五菱Air ev晴空,9331,上汽通用五菱,7.53
2022,12,37,君威,9209,上汽通用别克,20.48
2022,12,38,科鲁泽,8930,上汽通用雪佛兰,10.19
2022,12,39,北京EU5,8840,北京汽车,15.09
2022,12,40,高尔夫,8407,一汽-大众,17.98
2022,12,41,伊兰特,8129,北京现代,12.48
2022,12,42,YARiS L 致炫,7837,广汽丰田,9.48
2022,12,43,桑塔纳,7739,上汽大众,10.04
2022,12,44,蔚来ET5,7594,蔚来,32.7
2022,12,45,东风风神E70,7368,东风乘用车,14.83
2022,12,46,锐程PLUS,7244,长安汽车,11.14
2022,12,47,领克03,7227,领克,27.91
2022,12,48,英仕派,7115,东风本田,21.79
2022,12,49,型格,6897,广汽本田,15.84
2022,12,50,红旗H5,6859,一汽红旗,19.28
2023,1,1,朗逸,26917,上汽大众,12.29
2023,1,2,轩逸,23507,东风日产,14.17
2023,1,3,速腾,20454,一汽-大众,15.04
2023,1,4,海豚,17582,比亚迪,12.83
2023,1,5,宏光MINIEV,16416,上汽通用五菱,6.63
2023,1,6,宝马5系,14879,华晨宝马,49.95
2023,1,7,雅阁,14594,广汽本田,21.48
2023,1,8,凯美瑞,14396,广汽丰田,22.48
2023,1,9,宝来,13143,一汽-大众,13.45
2023,1,10,奔驰E级,12665,北京奔驰,50.48
2023,1,11,Model 3,12659,特斯拉中国,27.79
2023,1,12,卡罗拉,12444,一汽丰田,13.48
2023,1,13,奥迪A6L,12098,一汽-大众奥迪,54.23
2023,1,14,汉,11718,比亚迪,26.08
2023,1,15,秦PLUS,11590,比亚迪,13.98
2023,1,16,逸动,10519,长安汽车,8.84
2023,1,17,迈腾,10221,一汽-大众,24.84
2023,1,18,帝豪,10100,吉利汽车,9.98
2023,1,19,帕萨特,9861,上汽大众,21.74
2023,1,20,威朗,9846,上汽通用别克,14.44
2023,1,21,长安UNI-V,9758,长安汽车,12.44
2023,1,22,雷凌,9619,广汽丰田,13.23
2023,1,23,星瑞,8713,吉利汽车,12.72
2023,1,24,凌渡,8272,上汽大众,16.74
2023,1,25,伊兰特,8139,北京现代,12.48
2023,1,26,宝马3系,7759,华晨宝马,34.99
2023,1,27,科鲁泽,6815,上汽通用雪佛兰,10.19
2023,1,28,红旗E-QM5,6703,一汽红旗,18.13
2023,1,29,思域,6645,东风本田,15.89
2023,1,30,海豹,6618,比亚迪,22.33
2023,1,31,荣威i5,6501,上汽集团,8.39
2023,1,32,桑塔纳,6170,上汽大众,10.04
2023,1,33,飞度,6160,广汽本田,9.53
2023,1,34,深蓝SL03,6137,深蓝汽车,42.29
2023,1,35,YARiS L 致炫,5808,广汽丰田,9.48
2023,1,36,蔚来ET5,5795,蔚来,32.7
2023,1,37,奔驰C级,5574,北京奔驰,35.56
2023,1,38,奕炫,5424,东风乘用车,7.94
2023,1,39,高尔夫,5142,一汽-大众,17.98
2023,1,40,AION S,5091,广汽埃安,15.98
2023,1,41,缤瑞,5062,吉利汽车,9.98
2023,1,42,MG5,5022,上汽集团,8.39
2023,1,43,奥迪A4L,4943,一汽-大众奥迪,36.13
2023,1,44,凯迪拉克CT5,4915,上汽通用凯迪拉克,32.57
2023,1,45,君威,4899,上汽通用别克,20.48
2023,1,46,驱逐舰05,4856,比亚迪,12.98
2023,1,47,长安Lumin,4711,长安汽车,5.99
2023,1,48,长安奔奔E-Star,4683,长安汽车,0.0
2023,1,49,型格,4645,广汽本田,15.84
2023,1,50,天籁,4501,东风日产,22.48
2023,2,1,宏光MINIEV,30267,上汽通用五菱,6.63
2023,2,2,秦PLUS,27434,比亚迪,13.98
2023,2,3,轩逸,26102,东风日产,14.17
2023,2,4,海豚,22682,比亚迪,12.83
2023,2,5,朗逸,21269,上汽大众,12.29
2023,2,6,AION S,16827,广汽埃安,15.98
2023,2,7,速腾,14526,一汽-大众,15.04
2023,2,8,凯美瑞,14401,广汽丰田,22.48
2023,2,9,雅阁,13218,广汽本田,21.48
2023,2,10,雷凌,13197,广汽丰田,13.23
2023,2,11,卡罗拉,12776,一汽丰田,13.48
2023,2,12,汉,12265,比亚迪,26.08
2023,2,13,奥迪A6L,11853,一汽-大众奥迪,54.23
2023,2,14,奔驰C级,11492,北京奔驰,35.56
2023,2,15,思域,10536,东风本田,15.89
2023,2,16,宝来,10453,一汽-大众,13.45
2023,2,17,奔驰E级,10407,北京奔驰,50.48
2023,2,18,帝豪,10315,吉利汽车,9.98
2023,2,19,星瑞,10095,吉利汽车,12.72
2023,2,20,帕萨特,9531,上汽大众,21.74
2023,2,21,长安Lumin,9105,长安汽车,5.99
2023,2,22,迈腾,8960,一汽-大众,24.84
2023,2,23,宝马5系,8878,华晨宝马,49.95
2023,2,24,宝马3系,8868,华晨宝马,34.99
2023,2,25,威朗,8443,上汽通用别克,14.44
2023,2,26,Model 3,8397,特斯拉中国,27.79
2023,2,27,海豹,7754,比亚迪,22.33
2023,2,28,长安UNI-V,7656,长安汽车,12.44
2023,2,29,逸动,7632,长安汽车,8.84
2023,2,30,凌渡,7304,上汽大众,16.74
2023,2,31,桑塔纳,7298,上汽大众,10.04
2023,2,32,天籁,7103,东风日产,22.48
2023,2,33,荣威i5,7071,上汽集团,8.39
2023,2,34,奥迪A4L,6935,一汽-大众奥迪,36.13
2023,2,35,科鲁泽,6816,上汽通用雪佛兰,10.19
2023,2,36,伊兰特,6806,北京现代,12.48
2023,2,37,熊猫,6661,吉利汽车,4.34
2023,2,38,蔚来ET5,6471,蔚来,32.7
2023,2,39,飞度,6065,广汽本田,9.53
2023,2,40,YARiS L 致炫,5797,广汽丰田,9.48
2023,2,41,MG5,5589,上汽集团,8.39
2023,2,42,蒙迪欧,5393,长安福特,18.48
2023,2,43,奔驰A级,4951,北京奔驰,24.39
2023,2,44,极氪001,4839,极氪,53.45
2023,2,45,奥迪A3,4768,一汽-大众奥迪,22.72
2023,2,46,驱逐舰05,4760,比亚迪,12.98
2023,2,47,领克03,4600,领克,27.91
2023,2,48,红旗H5,4578,一汽红旗,18.58
2023,2,49,亚洲龙,4298,一汽丰田,23.98
2023,2,50,高尔夫,4271,一汽-大众,17.98
2023,3,1,秦PLUS,40215,比亚迪,13.98
2023,3,2,海豚,27687,比亚迪,12.83
2023,3,3,AION S,26392,广汽埃安,15.98
2023,3,4,朗逸,24427,上汽大众,12.29
2023,3,5,宏光MINIEV,23159,上汽通用五菱,6.63
2023,3,6,轩逸,22855,东风日产,14.17
2023,3,7,Model 3,21726,特斯拉中国,27.79
2023,3,8,雅阁,20158,广汽本田,21.48
2023,3,9,速腾,17938,一汽-大众,15.04
2023,3,10,卡罗拉,16833,一汽丰田,13.48
2023,3,11,奥迪A6L,15203,一汽-大众奥迪,54.23
2023,3,12,逸动,15035,长安汽车,8.84
2023,3,13,汉,13834,比亚迪,26.08
2023,3,14,奔驰C级,13794,北京奔驰,35.56
2023,3,15,宝来,13001,一汽-大众,13.45
2023,3,16,迈腾,12120,一汽-大众,24.84
2023,3,17,凯美瑞,11703,广汽丰田,22.48
2023,3,18,帕萨特,11200,上汽大众,21.74
2023,3,19,奔驰E级,11192,北京奔驰,50.48
2023,3,20,帝豪,11121,吉利汽车,9.98
2023,3,21,宝马3系,10777,华晨宝马,34.99
2023,3,22,雷凌,10702,广汽丰田,13.23
2023,3,23,熊猫,10550,吉利汽车,4.34
2023,3,24,长安Lumin,10217,长安汽车,5.99
2023,3,25,奥迪A4L,9394,一汽-大众奥迪,36.13
2023,3,26,宝马5系,9373,华晨宝马,49.95
2023,3,27,伊兰特,9311,北京现代,12.48
2023,3,28,长安UNI-V,8659,长安汽车,12.44
2023,3,29,深蓝SL03,8568,深蓝汽车,42.29
2023,3,30,星瑞,8334,吉利汽车,12.72
2023,3,31,科鲁泽,8197,上汽通用雪佛兰,10.19
2023,3,32,北京EU5,8135,北京汽车,15.09
2023,3,33,亚洲龙,7418,一汽丰田,23.98
2023,3,34,凌渡,6924,上汽大众,16.74
2023,3,35,桑塔纳,6738,上汽大众,10.04
2023,3,36,蔚来ET5,6437,蔚来,32.7
2023,3,37,奥迪A3,6375,一汽-大众奥迪,22.72
2023,3,38,威朗,6322,上汽通用别克,14.44
2023,3,39,英仕派,5713,东风本田,21.79
2023,3,40,YARiS L 致炫,5691,广汽丰田,9.48
2023,3,41,捷达VA3,5635,一汽-大众捷达,8.03
2023,3,42,思域,5603,东风本田,15.89
2023,3,43,凯迪拉克CT5,5603,上汽通用凯迪拉克,32.57
2023,3,44,奔驰A级,5595,北京奔驰,24.39
2023,3,45,奕炫,5430,东风乘用车,7.94
2023,3,46,微蓝6,5409,上汽通用别克,14.09
2023,3,47,红旗H5,5293,一汽红旗,19.28
2023,3,48,海豹,5201,比亚迪,22.33
2023,3,49,领克03,5007,领克,27.91
2023,3,50,极氪001,4517,极氪,53.45
2023,4,1,秦PLUS,39951,比亚迪,13.98
2023,4,2,海豚,29961,比亚迪,12.83
2023,4,3,轩逸,26975,东风日产,14.17
2023,4,4,朗逸,26536,上汽大众,12.29
2023,4,5,雅阁,25590,广汽本田,21.48
2023,4,6,AION S,19569,广汽埃安,15.98
2023,4,7,凯美瑞,18193,广汽丰田,22.48
2023,4,8,速腾,18095,一汽-大众,15.04
2023,4,9,宏光MINIEV,18086,上汽通用五菱,6.63
2023,4,10,卡罗拉,17656,一汽丰田,13.48
2023,4,11,逸动,15826,长安汽车,8.84
2023,4,12,五菱缤果,15011,上汽通用五菱,7.43
2023,4,13,帕萨特,14866,上汽大众,21.74
2023,4,14,汉,14714,比亚迪,26.08
2023,4,15,奔驰C级,13900,北京奔驰,35.56
2023,4,16,Model 3,13196,特斯拉中国,27.79
2023,4,17,宝来,12988,一汽-大众,13.45
2023,4,18,迈腾,12257,一汽-大众,24.84
2023,4,19,奥迪A6L,11964,一汽-大众奥迪,54.23
2023,4,20,宝马3系,11925,华晨宝马,34.99
2023,4,21,帝豪,11557,吉利汽车,9.98
2023,4,22,雷凌,11548,广汽丰田,13.23
2023,4,23,奔驰E级,11100,北京奔驰,50.48
2023,4,24,熊猫,10615,吉利汽车,4.34
2023,4,25,长安UNI-V,10588,长安汽车,12.44
2023,4,26,亚洲龙,10486,一汽丰田,23.98
2023,4,27,科鲁泽,10247,上汽通用雪佛兰,10.19
2023,4,28,奥迪A4L,8598,一汽-大众奥迪,36.13
2023,4,29,宝马5系,8331,华晨宝马,49.95
2023,4,30,威朗,8196,上汽通用别克,14.44
2023,4,31,凌渡,8062,上汽大众,16.74
2023,4,32,凯迪拉克CT5,7866,上汽通用凯迪拉克,32.57
2023,4,33,伊兰特,7800,北京现代,12.48
2023,4,34,长安Lumin,7643,长安汽车,5.99
2023,4,35,欧拉好猫,7097,长城新能源,14.78
2023,4,36,星瑞,7086,吉利汽车,12.72
2023,4,37,天籁,6740,东风日产,22.48
2023,4,38,极氪001,6463,极氪,53.45
2023,4,39,飞度,6453,广汽本田,9.53
2023,4,40,思域,6425,东风本田,15.89
2023,4,41,海豹,6323,比亚迪,22.33
2023,4,42,YARiS L 致炫,6317,广汽丰田,9.48
2023,4,43,桑塔纳,6288,上汽大众,10.04
2023,4,44,型格,6111,广汽本田,15.84
2023,4,45,深蓝SL03,6028,深蓝汽车,42.29
2023,4,46,红旗H5,5914,一汽红旗,18.58
2023,4,47,捷达VA3,5827,一汽-大众捷达,8.03
2023,4,48,奔驰A级,5600,北京奔驰,24.39
2023,4,49,英仕派,5183,东风本田,21.79
2023,4,50,驱逐舰05,5133,比亚迪,12.98
2023,5,1,秦PLUS,42887,比亚迪,13.98
2023,5,2,轩逸,35396,东风日产,14.17
2023,5,3,海豚,29081,比亚迪,12.83
2023,5,4,朗逸,25326,上汽大众,12.29
2023,5,5,AION S,25233,广汽埃安,15.98
2023,5,6,速腾,21126,一汽-大众,15.04
2023,5,7,宏光MINIEV,20346,上汽通用五菱,6.63
2023,5,8,汉,20158,比亚迪,26.08
2023,5,9,凯美瑞,19762,广汽丰田,22.48
2023,5,10,卡罗拉,17080,一汽丰田,13.48
2023,5,11,帕萨特,16556,上汽大众,21.74
2023,5,12,奔驰E级,14600,北京奔驰,50.48
2023,5,13,逸动,14431,长安汽车,8.84
2023,5,14,五菱缤果,14164,上汽通用五菱,7.43
2023,5,15,迈腾,13980,一汽-大众,24.84
2023,5,16,奥迪A6L,13154,一汽-大众奥迪,54.23
2023,5,17,帝豪,12573,吉利汽车,9.98
2023,5,18,宝来,12277,一汽-大众,13.45
2023,5,19,奔驰C级,11929,北京奔驰,35.56
2023,5,20,威朗,11842,上汽通用别克,14.44
2023,5,21,雅阁,11783,广汽本田,21.48
2023,5,22,Model 3,11454,特斯拉中国,27.79
2023,5,23,伊兰特,11307,北京现代,12.48
2023,5,24,思域,11299,东风本田,15.89
2023,5,25,奥迪A4L,11246,一汽-大众奥迪,36.13
2023,5,26,科鲁泽,10978,上汽通用雪佛兰,10.19
2023,5,27,雷凌,10700,广汽丰田,13.23
2023,5,28,长安UNI-V,10619,长安汽车,12.44
2023,5,29,驱逐舰05,9840,比亚迪,12.98
2023,5,30,凌渡,9429,上汽大众,16.74
2023,5,31,凯迪拉克CT5,9112,上汽通用凯迪拉克,32.57
2023,5,32,型格,9017,广汽本田,15.84
2023,5,33,长安Lumin,8491,长安汽车,5.99
2023,5,34,海鸥,8427,比亚迪,8.18
2023,5,35,海豹,8062,比亚迪,22.33
2023,5,36,英仕派,7847,东风本田,21.79
2023,5,37,欧拉好猫,7519,长城新能源,14.78
2023,5,38,熊猫,7215,吉利汽车,4.34
2023,5,39,红旗H5,7117,一汽红旗,18.58
2023,5,40,亚洲龙,7066,一汽丰田,23.98
2023,5,41,深蓝SL03,7033,深蓝汽车,42.29
2023,5,42,星瑞,6591,吉利汽车,12.72
2023,5,43,极氪001,6223,极氪,53.45
2023,5,44,捷达VA3,5681,一汽-大众捷达,8.03
2023,5,45,天籁,5435,东风日产,22.48
2023,5,46,奔驰A级,5423,北京奔驰,24.39
2023,5,47,QQ冰淇淋,5358,奇瑞新能源,4.37
2023,5,48,奥迪A3,5301,一汽-大众奥迪,22.72
2023,5,49,艾瑞泽8,5133,奇瑞汽车,12.79
2023,5,50,领克03,4963,领克,27.91
2023,6,1,秦PLUS,38197,比亚迪,13.98
2023,6,2,轩逸,29638,东风日产,14.17
2023,6,3,朗逸,27287,上汽大众,12.29
2023,6,4,速腾,26618,一汽-大众,15.04
2023,6,5,海豚,26408,比亚迪,12.83
2023,6,6,汉,25010,比亚迪,26.08
2023,6,7,凯美瑞,24036,广汽丰田,22.48
2023,6,8,Model 3,22741,特斯拉中国,27.79
2023,6,9,AION S,22487,广汽埃安,15.98
2023,6,10,型格,19208,广汽本田,15.84
2023,6,11,卡罗拉,17833,一汽丰田,13.48
2023,6,12,海鸥,16560,比亚迪,8.18
2023,6,13,帕萨特,16481,上汽大众,21.74
2023,6,14,奔驰E级,16400,北京奔驰,50.48
2023,6,15,迈腾,16312,一汽-大众,24.84
2023,6,16,奥迪A6L,15847,一汽-大众奥迪,54.23
2023,6,17,逸动,15598,长安汽车,8.84
2023,6,18,奥迪A4L,15589,一汽-大众奥迪,36.13
2023,6,19,宝马3系,15506,华晨宝马,34.99
2023,6,20,宝来,14332,一汽-大众,13.45
2023,6,21,奔驰C级,14200,北京奔驰,35.56
2023,6,22,宏光MINIEV,13763,上汽通用五菱,6.63
2023,6,23,威朗,12576,上汽通用别克,14.44
2023,6,24,科鲁泽,12268,上汽通用雪佛兰,10.19
2023,6,25,思域,12190,东风本田,15.89
2023,6,26,五菱缤果,12176,上汽通用五菱,7.43
2023,6,27,雷凌,11566,广汽丰田,13.23
2023,6,28,天籁,11123,东风日产,22.48
2023,6,29,长安Lumin,10714,长安汽车,5.99
2023,6,30,长安UNI-V,10556,长安汽车,12.44
2023,6,31,帝豪,10428,吉利汽车,9.98
2023,6,32,伊兰特,10298,北京现代,12.48
2023,6,33,红旗H5,9873,一汽红旗,19.28
2023,6,34,宝马5系,9773,华晨宝马,49.95
2023,6,35,凌渡,9425,上汽大众,16.74
2023,6,36,北京EU5,9295,北京汽车,15.09
2023,6,37,雅阁,9008,广汽本田,21.48
2023,6,38,凯迪拉克CT5,8995,上汽通用凯迪拉克,32.57
2023,6,39,亚洲龙,8444,一汽丰田,23.98
2023,6,40,星瑞,8083,吉利汽车,12.72
2023,6,41,驱逐舰05,7943,比亚迪,12.98
2023,6,42,捷达VA3,7815,一汽-大众捷达,8.03
2023,6,43,欧拉好猫,7658,长城新能源,14.78
2023,6,44,熊猫,7238,吉利汽车,4.34
2023,6,45,海豹,6802,比亚迪,22.33
2023,6,46,奥迪A3,6534,一汽-大众奥迪,22.72
2023,6,47,极氪001,6147,极氪,53.45
2023,6,48,QQ冰淇淋,6041,奇瑞新能源,4.37
2023,6,49,深蓝SL03,6015,深蓝汽车,42.29
2023,6,50,艾瑞泽8,5552,奇瑞汽车,12.79
2023,7,1,秦PLUS,37129,比亚迪,13.98
2023,7,2,轩逸,29670,东风日产,14.17
2023,7,3,朗逸,28898,上汽大众,12.29
2023,7,4,汉,25179,比亚迪,26.08
2023,7,5,海鸥,24989,比亚迪,8.18
2023,7,6,速腾,23734,一汽-大众,15.04
2023,7,7,AION S,22437,广汽埃安,15.98
2023,7,8,海豚,21800,比亚迪,12.83
2023,7,9,思域,19051,东风本田,15.89
2023,7,10,凯美瑞,17613,广汽丰田,22.48
2023,7,11,帕萨特,17231,上汽大众,21.74
2023,7,12,卡罗拉,16844,一汽丰田,13.48
2023,7,13,迈腾,15860,一汽-大众,24.84
2023,7,14,宏光MINIEV,15499,上汽通用五菱,6.63
2023,7,15,宝马3系,15458,华晨宝马,34.99
2023,7,16,逸动,15230,长安汽车,8.84
2023,7,17,五菱缤果,14378,上汽通用五菱,7.43
2023,7,18,奔驰C级,14198,北京奔驰,35.56
2023,7,19,长安Lumin,14103,长安汽车,5.99
2023,7,20,奔驰E级,14000,北京奔驰,50.48
2023,7,21,奥迪A6L,13881,一汽-大众奥迪,54.23
2023,7,22,威朗,13549,上汽通用别克,14.44
2023,7,23,奥迪A4L,12578,一汽-大众奥迪,36.13
2023,7,24,科鲁泽,12502,上汽通用雪佛兰,10.19
2023,7,25,帝豪,11058,吉利汽车,9.98
2023,7,26,宝马5系,10871,华晨宝马,49.95
2023,7,27,宝来,10804,一汽-大众,13.45
2023,7,28,星瑞,10204,吉利汽车,12.72
2023,7,29,型格,9697,广汽本田,15.84
2023,7,30,长安UNI-V,9634,长安汽车,12.44
2023,7,31,红旗H5,9600,一汽红旗,19.28
2023,7,32,驱逐舰05,8996,比亚迪,12.98
2023,7,33,凌渡,8941,上汽大众,16.74
2023,7,34,雷凌,8353,广汽丰田,13.23
2023,7,35,捷达VA3,7815,一汽-大众捷达,8.03
2023,7,36,Model 3,7791,特斯拉中国,27.79
2023,7,37,欧拉好猫,7786,长城新能源,14.78
2023,7,38,熊猫,7507,吉利汽车,4.34
2023,7,39,大众ID.3,7378,上汽大众,17.79
2023,7,40,伊兰特,7209,北京现代,12.48
2023,7,41,雅阁,7110,广汽本田,21.48
2023,7,42,亚洲龙,7088,一汽丰田,23.98
2023,7,43,艾瑞泽8,6905,奇瑞汽车,12.79
2023,7,44,红旗E-QM5,6852,一汽红旗,18.13
2023,7,45,极氪001,6170,极氪,53.45
2023,7,46,领克03,6028,领克,27.91
2023,7,47,QQ冰淇淋,5716,奇瑞新能源,4.37
2023,7,48,天籁,5561,东风日产,22.48
2023,7,49,奥迪A3,5296,一汽-大众奥迪,22.72
2023,7,50,海豹,5100,比亚迪,22.33
2023,8,1,秦PLUS,39808,比亚迪,13.98
2023,8,2,海鸥,34841,比亚迪,8.18
2023,8,3,朗逸,33891,上汽大众,12.29
2023,8,4,轩逸,32894,东风日产,14.17
2023,8,5,思域,26294,东风本田,15.89
2023,8,6,速腾,25566,一汽-大众,15.04
2023,8,7,AION S,22648,广汽埃安,15.98
2023,8,8,海豚,22096,比亚迪,12.83
2023,8,9,汉,21760,比亚迪,26.08
2023,8,10,凯美瑞,19737,广汽丰田,22.48
2023,8,11,帕萨特,17077,上汽大众,21.74
2023,8,12,迈腾,16951,一汽-大众,24.84
2023,8,13,卡罗拉,16092,一汽丰田,13.48
2023,8,14,宏光MINIEV,15844,上汽通用五菱,6.63
2023,8,15,奥迪A6L,15126,一汽-大众奥迪,54.23
2023,8,16,五菱缤果,13892,上汽通用五菱,7.43
2023,8,17,奔驰E级,13866,北京奔驰,50.48
2023,8,18,逸动,13837,长安汽车,8.84
2023,8,19,奔驰C级,13791,北京奔驰,35.56
2023,8,20,Model 3,13577,特斯拉中国,27.79
2023,8,21,长安Lumin,13446,长安汽车,5.99
2023,8,22,宝马3系,13199,华晨宝马,34.99
2023,8,23,奥迪A4L,12309,一汽-大众奥迪,36.13
2023,8,24,宝来,11935,一汽-大众,13.45
2023,8,25,帝豪,11760,吉利汽车,9.98
2023,8,26,星瑞,10345,吉利汽车,12.72
2023,8,27,宝马5系,10291,华晨宝马,49.95
2023,8,28,长安UNI-V,9863,长安汽车,12.44
2023,8,29,型格,9851,广汽本田,15.84
2023,8,30,凌渡,9587,上汽大众,16.74
2023,8,31,科鲁泽,9511,上汽通用雪佛兰,10.19
2023,8,32,君威,9268,上汽通用别克,20.48
2023,8,33,驱逐舰05,9218,比亚迪,12.98
2023,8,34,天籁,9189,东风日产,22.48
2023,8,35,亚洲龙,9146,一汽丰田,23.98
2023,8,36,红旗H5,9085,一汽红旗,19.28
2023,8,37,熊猫,8855,吉利汽车,4.34
2023,8,38,雷凌,8259,广汽丰田,13.23
2023,8,39,大众ID.3,7985,上汽大众,17.79
2023,8,40,伊兰特,7895,北京现代,12.48
2023,8,41,威朗,7861,上汽通用别克,14.44
2023,8,42,艾瑞泽8,7538,奇瑞汽车,12.79
2023,8,43,雅阁,6915,广汽本田,21.48
2023,8,44,极氪001,6822,极氪,53.45
2023,8,45,凯迪拉克CT5,6764,上汽通用凯迪拉克,32.57
2023,8,46,欧拉好猫,6383,长城新能源,14.78
2023,8,47,领克03,6143,领克,27.91
2023,8,48,红旗E-QM5,6045,一汽红旗,18.13
2023,8,49,马自达3 昂克赛拉,6000,长安马自达,13.99
2023,8,50,北京EU5,5849,北京汽车,15.09
2023,9,1,秦PLUS,39904,比亚迪,13.98
2023,9,2,海鸥,35011,比亚迪,8.18
2023,9,3,朗逸,32105,上汽大众,12.29
2023,9,4,轩逸,30028,东风日产,14.17
2023,9,5,速腾,26350,一汽-大众,15.04
2023,9,6,海豚,24282,比亚迪,12.83
2023,9,7,思域,23003,东风本田,15.89
2023,9,8,汉,21798,比亚迪,26.08
2023,9,9,凯美瑞,21677,广汽丰田,22.48
2023,9,10,AION S,21546,广汽埃安,15.98
2023,9,11,五菱缤果,19606,上汽通用五菱,7.43
2023,9,12,奥迪A6L,18809,一汽-大众奥迪,54.23
2023,9,13,帕萨特,17695,上汽大众,21.74
2023,9,14,迈腾,17582,一汽-大众,24.84
2023,9,15,奔驰E级,17031,北京奔驰,50.48
2023,9,16,宏光MINIEV,16146,上汽通用五菱,6.63
2023,9,17,卡罗拉,15242,一汽丰田,13.48
2023,9,18,奔驰C级,14337,北京奔驰,35.56
2023,9,19,帝豪,14058,吉利汽车,9.98
2023,9,20,奥迪A4L,13760,一汽-大众奥迪,36.13
2023,9,21,科鲁泽,13665,上汽通用雪佛兰,10.19
2023,9,22,长安Lumin,13650,长安汽车,5.99
2023,9,23,宝马3系,12757,华晨宝马,34.99
2023,9,24,型格,11877,广汽本田,15.84
2023,9,25,宝来,11518,一汽-大众,13.45
2023,9,26,雅阁,11509,广汽本田,21.48
2023,9,27,宝马5系,11350,华晨宝马,49.95
2023,9,28,逸动,11229,长安汽车,8.84
2023,9,29,威朗,10664,上汽通用别克,14.44
2023,9,30,长安UNI-V,10621,长安汽车,12.44
2023,9,31,艾瑞泽8,10534,奇瑞汽车,12.79
2023,9,32,星瑞,10396,吉利汽车,12.72
2023,9,33,熊猫,10221,吉利汽车,4.34
2023,9,34,红旗H5,9842,一汽红旗,19.28
2023,9,35,亚洲龙,9719,一汽丰田,23.98
2023,9,36,大众ID.3,9650,上汽大众,17.79
2023,9,37,红旗E-QM5,9152,一汽红旗,18.13
2023,9,38,凌渡,8715,上汽大众,16.74
2023,9,39,极氪001,8701,极氪,53.45
2023,9,40,欧拉好猫,8392,长城新能源,14.78
2023,9,41,伊兰特,8124,北京现代,12.48
2023,9,42,驱逐舰05,7950,比亚迪,12.98
2023,9,43,马自达3 昂克赛拉,7707,长安马自达,13.99
2023,9,44,雷凌,7367,广汽丰田,13.23
2023,9,45,天籁,7311,东风日产,22.48
2023,9,46,海豹,7291,比亚迪,22.33
2023,9,47,QQ冰淇淋,7235,奇瑞新能源,4.37
2023,9,48,领克03,6977,领克,27.91
2023,9,49,奥迪A3,6974,一汽-大众奥迪,22.72
2023,9,50,凯迪拉克CT5,6767,上汽通用凯迪拉克,32.57
2023,10,1,秦PLUS,37902,比亚迪,13.98
2023,10,2,海鸥,37836,比亚迪,8.18
2023,10,3,朗逸,31454,上汽大众,12.29
2023,10,4,轩逸,31239,东风日产,14.17
2023,10,5,速腾,26043,一汽-大众,15.04
2023,10,6,海豚,24735,比亚迪,12.83
2023,10,7,五菱缤果,23744,上汽通用五菱,7.43
2023,10,8,凯美瑞,21514,广汽丰田,22.48
2023,10,9,汉,20663,比亚迪,26.08
2023,10,10,宏光MINIEV,20337,上汽通用五菱,6.63
2023,10,11,思域,19596,东风本田,15.89
2023,10,12,迈腾,18911,一汽-大众,24.84
2023,10,13,雅阁,17052,广汽本田,21.48
2023,10,14,帕萨特,17007,上汽大众,21.74
2023,10,15,长安Lumin,15533,长安汽车,5.99
2023,10,16,奥迪A6L,14213,一汽-大众奥迪,54.23
2023,10,17,型格,14213,广汽本田,15.84
2023,10,18,星瑞,13798,吉利汽车,12.72
2023,10,19,宝马5系,13770,华晨宝马,49.95
2023,10,20,逸动,13598,长安汽车,8.84
2023,10,21,卡罗拉,13276,一汽丰田,13.48
2023,10,22,熊猫,13052,吉利汽车,4.34
2023,10,23,奔驰C级,12600,北京奔驰,35.56
2023,10,24,奥迪A4L,12190,一汽-大众奥迪,36.13
2023,10,25,宝马3系,12137,华晨宝马,34.99
2023,10,26,大众ID.3,11812,上汽大众,17.79
2023,10,27,奔驰E级,11800,北京奔驰,50.48
2023,10,28,AION S,11730,广汽埃安,15.98
2023,10,29,帝豪,11432,吉利汽车,9.98
2023,10,30,宝来,11102,一汽-大众,13.45
2023,10,31,科鲁泽,11025,上汽通用雪佛兰,10.19
2023,10,32,长安UNI-V,10467,长安汽车,12.44
2023,10,33,红旗H5,10386,一汽红旗,19.28
2023,10,34,凯迪拉克CT5,10238,上汽通用凯迪拉克,32.57
2023,10,35,天籁,10180,东风日产,22.48
2023,10,36,红旗E-QM5,10021,一汽红旗,18.13
2023,10,37,海豹,9767,比亚迪,22.33
2023,10,38,伊兰特,9184,北京现代,12.48
2023,10,39,亚洲龙,8829,一汽丰田,23.98
2023,10,40,马自达3 昂克赛拉,8805,长安马自达,13.99
2023,10,41,极氪001,8517,极氪,53.45
2023,10,42,雷凌,8480,广汽丰田,13.23
2023,10,43,凌渡,8466,上汽大众,16.74
2023,10,44,艾瑞泽8,7970,奇瑞汽车,12.79
2023,10,45,驱逐舰05,7966,比亚迪,12.98
2023,10,46,欧拉好猫,7664,长城新能源,14.78
2023,10,47,威朗,7365,上汽通用别克,14.44
2023,10,48,领克03,7363,领克,27.91
2023,10,49,QQ冰淇淋,7111,奇瑞新能源,4.37
2023,10,50,蒙迪欧,6865,长安福特,18.48
2023,11,1,海鸥,40594,比亚迪,8.18
2023,11,2,轩逸,39105,东风日产,14.17
2023,11,3,秦PLUS,38054,比亚迪,13.98
2023,11,4,速腾,29680,一汽-大众,15.04
2023,11,5,朗逸,29009,上汽大众,12.29
2023,11,6,海豚,26580,比亚迪,12.83
2023,11,7,五菱缤果,24024,上汽通用五菱,7.43
2023,11,8,宏光MINIEV,22985,上汽通用五菱,6.63
2023,11,9,汉,20815,比亚迪,26.08
2023,11,10,凯美瑞,19783,广汽丰田,22.48
2023,11,11,帕萨特,18910,上汽大众,21.74
2023,11,12,迈腾,18390,一汽-大众,24.84
2023,11,13,奥迪A6L,18253,一汽-大众奥迪,54.23
2023,11,14,长安Lumin,16671,长安汽车,5.99
2023,11,15,星瑞,16630,吉利汽车,12.72
2023,11,16,奔驰C级,16000,北京奔驰,35.56
2023,11,17,宝马5系,15993,华晨宝马,49.95
2023,11,18,Model 3,15627,特斯拉中国,27.79
2023,11,19,思域,15411,东风本田,15.89
2023,11,20,熊猫,15188,吉利汽车,4.34
2023,11,21,帝豪,14937,吉利汽车,9.98
2023,11,22,雅阁,14849,广汽本田,21.48
2023,11,23,卡罗拉,13343,一汽丰田,13.48
2023,11,24,海豹,13060,比亚迪,22.33
2023,11,25,宝马3系,12858,华晨宝马,34.99
2023,11,26,奥迪A4L,12795,一汽-大众奥迪,36.13
2023,11,27,型格,12367,广汽本田,15.84
2023,11,28,大众ID.3,12040,上汽大众,17.79
2023,11,29,AION S,11728,广汽埃安,15.98
2023,11,30,红旗H5,11638,一汽红旗,19.28
2023,11,31,宝来,11342,一汽-大众,13.45
2023,11,32,科鲁泽,11186,上汽通用雪佛兰,10.19
2023,11,33,逸动,11003,长安汽车,8.84
2023,11,34,威朗,10498,上汽通用别克,14.44
2023,11,35,艾瑞泽8,10424,奇瑞汽车,12.79
2023,11,36,红旗E-QM5,10270,一汽红旗,18.13
2023,11,37,伊兰特,9804,北京现代,12.48
2023,11,38,长安UNI-V,9517,长安汽车,12.44
2023,11,39,QQ冰淇淋,9015,奇瑞新能源,4.37
2023,11,40,领克03,8509,领克,27.91
2023,11,41,君威,8484,上汽通用别克,20.48
2023,11,42,凯迪拉克CT5,8037,上汽通用凯迪拉克,32.57
2023,11,43,天籁,7877,东风日产,22.48
2023,11,44,凌渡,7775,上汽大众,16.74
2023,11,45,雷凌,7687,广汽丰田,13.23
2023,11,46,零跑T03,7452,零跑汽车,7.97
2023,11,47,蒙迪欧,7036,长安福特,18.48
2023,11,48,欧拉好猫,6903,长城新能源,14.78
2023,11,49,亚洲龙,6825,一汽丰田,23.98
2023,11,50,极氪001,6751,极氪,53.45
2023,12,1,轩逸,48385,东风日产,14.17
2023,12,2,秦PLUS,41142,比亚迪,13.98
2023,12,3,海鸥,41012,比亚迪,8.18
2023,12,4,朗逸,38760,上汽大众,12.29
2023,12,5,速腾,34920,一汽-大众,15.04
2023,12,6,迈腾,27826,一汽-大众,24.84
2023,12,7,五菱缤果,27458,上汽通用五菱,7.43
2023,12,8,海豚,26814,比亚迪,12.83
2023,12,9,宏光MINIEV,25015,上汽通用五菱,6.63
2023,12,10,帕萨特,24559,上汽大众,21.74
2023,12,11,凯美瑞,22688,广汽丰田,22.48
2023,12,12,雅阁,22661,广汽本田,21.48
2023,12,13,奥迪A6L,21411,一汽-大众奥迪,54.23
2023,12,14,汉,19832,比亚迪,26.08
2023,12,15,奔驰C级,19418,北京奔驰,35.56
2023,12,16,Model 3,15750,特斯拉中国,27.79
2023,12,17,型格,15361,广汽本田,15.84
2023,12,18,AION S,15216,广汽埃安,15.98
2023,12,19,红旗H5,14674,一汽红旗,19.28
2023,12,20,奥迪A4L,14432,一汽-大众奥迪,36.13
2023,12,21,海豹,14381,比亚迪,22.33
2023,12,22,星瑞,13796,吉利汽车,12.72
2023,12,23,卡罗拉,13779,一汽丰田,13.48
2023,12,24,天籁,13269,东风日产,22.48
2023,12,25,大众ID.3,13201,上汽大众,17.79
2023,12,26,艾瑞泽8,13121,奇瑞汽车,12.79
2023,12,27,宝马5系,13083,华晨宝马,49.95
2023,12,28,宝来,13010,一汽-大众,13.45
2023,12,29,北京EU5,12811,北京汽车,15.09
2023,12,30,伊兰特,12796,北京现代,12.48
2023,12,31,熊猫,12538,吉利汽车,4.34
2023,12,32,长安Lumin,12480,长安汽车,5.99
2023,12,33,思域,11659,东风本田,15.89
2023,12,34,亚洲龙,11478,一汽丰田,23.98
2023,12,35,宝马3系,11396,华晨宝马,34.99
2023,12,36,长安UNI-V,11252,长安汽车,12.44
2023,12,37,逸动,10806,长安汽车,8.84
2023,12,38,帝豪,10698,吉利汽车,9.98
2023,12,39,红旗E-QM5,10600,一汽红旗,18.13
2023,12,40,凯迪拉克CT5,9100,上汽通用凯迪拉克,32.57
2023,12,41,蒙迪欧,8726,长安福特,18.48
2023,12,42,凌渡,8653,上汽大众,16.74
2023,12,43,奔腾B70,8588,一汽奔腾,12.54
2023,12,44,五菱星光,8550,上汽通用五菱,9.73
2023,12,45,驱逐舰05,8302,比亚迪,12.98
2023,12,46,极氪001,7980,极氪,53.45
2023,12,47,英仕派,7979,东风本田,21.79
2023,12,48,微蓝6,7862,上汽通用别克,14.09
2023,12,49,QQ冰淇淋,7462,奇瑞新能源,4.37
2023,12,50,奔驰E级,7419,北京奔驰,50.48